tide,cold,water,have,tidealrescate,you,turntocold,energy,save,im
tide,products,totally,tidealrescate,i,rlds6vftc3,mrs_sendejas,good,that,love
tide,tidealrescate,time,i,wooo,chaseelliott,already,browardsaves,it,kevinharvick
tide,tidealrescate,rsvp,mrskrystie,tiggerkd26,zerinagrace,queenof5guys,mamasmission,bredanielle0602,shippydoll
tide,kevinharvick,jrmotorspos,dalejr,at,more,photos,qa0jhtjnzy,victory,rjyojtpkx3
tide,tidealrescate,minutes,clean,5,love,house,some,looking,pay
tide,tidealrescate,water,cold,chat,pledge,switching,twitter,spring,our
tide,kevinharvick,jrmotorspos,kroger,tidealrescate,win,car,amp,ririnsider,congrats
tide,tidealrescate,browardsaves,craftychica,thriftyninja,monicabenavidez,pay,ready,spring,cleaning
tide,tidealrescate,i,with,whos,over,oxi,win,lol,you
